generation,best,mean,worst,rounds,nodes,sideBias,close-on-nearest.winRate,close-on-nearest.differential,hold-fast.winRate,hold-fast.differential
0,0.7104289682539683,0.5,0.4083960317460316,27.0275,40.75,-0.003911485890652557,0.3541666666666667,-0.02956459435626103,0.5,0.029414682539682536
1,0.6411269179894182,0.5000000000000001,0.37854636243386225,26.864166666666673,38.333333333333336,-0.007278990299823623,0.3541666666666667,-0.02956459435626103,0.5,0.029414682539682536
2,0.6010106481481481,0.5000000000000001,0.3235749999999999,26.679166666666664,34.583333333333336,0.003924713403880064,0.4791666666666667,0.0569697971781305,0.5,-0.09512896825396827
3,0.5910604497354499,0.5,0.40227347883597875,25.7525,31.5,0.00024085097001764338,0.6666666666666666,0.0853835978835979,0.5208333333333334,-0.1507991622574956
4,0.5797341269841269,0.49999999999999983,0.332431283068783,23.47333333333334,32.333333333333336,-0.011421406525573191,0.6666666666666666,0.0853835978835979,0.5208333333333334,-0.1507991622574956
5,0.5587885582010585,0.49999999999999994,0.35883187830687824,22.62,26.583333333333332,-0.010009920634920637,0.3541666666666667,-0.007882495590828934,0.5,-0.021726190476190458
6,0.6101225529100531,0.49999999999999994,0.23148267195767183,21.625,28.25,0.01834545855379189,0.5,0.048870149911816575,0.5,0.011475970017636672
7,0.5983308201058202,0.49999999999999983,0.27809576719576723,22.6725,30.333333333333332,-0.00015101410934743992,0.5208333333333334,0.0675055114638448,0.5,0.019329805996472663
8,0.5522859788359786,0.49999999999999983,0.43590046296296303,21.959166666666665,27.666666666666668,-0.04608686067019401,0.5416666666666666,0.07092813051146384,0.5,0.012431657848324512
9,0.5997468253968254,0.5,0.3626464947089947,20.775000000000002,25.5,0.004505621693121694,0.5625,0.07332561728395061,0.5,0.008215388007054672
10,0.5866375661375662,0.5,0.3663761243386242,22.40166666666666,24.083333333333332,-0.026312279541446215,0.5625,0.057519841269841256,0.5,-0.017957451499118173
11,0.5636843915343915,0.49999999999999983,0.36364589947089937,22.337500000000002,20.666666666666668,0.006093474426807757,0.4791666666666667,0.059636243386243376,0.5,0.005703262786596108
12,0.5539505952380952,0.5000000000000001,0.37720846560846555,22.155833333333334,25,0.005500992063492055,0.5208333333333334,0.06661265432098766,0.5,0.013622134038800707
13,0.5486460317460317,0.5,0.3979359126984129,21.341666666666665,24.666666666666668,0.023473324514991182,0.5833333333333334,0.08083333333333335,0.5,0.052099867724867716
14,0.5844836640211639,0.5,0.4479379629629628,21.1625,21,0.0022426146384479663,0.4791666666666667,0.04685626102292769,0.5,-0.003985890652557315
15,0.5571404761904766,0.5,0.41682705026455025,22.654166666666665,24.166666666666668,0.0031448412698412676,0.4375,0.038112874779541436,0.5,-0.014109347442680767
16,0.5539825396825395,0.5,0.42532447089947084,21.49083333333333,24.5,0.035131172839506175,0.4791666666666667,0.04222332451499119,0.5,-0.01793650793650792
17,0.5714822089947091,0.49999999999999994,0.37215271164021163,21.639166666666668,29.166666666666668,-0.03236055996472662,0.8125,0.15466380070546734,0.5,0.017240961199294542
18,0.5635789682539681,0.49999999999999994,0.432134259259259,21.230833333333333,24,-0.03254574514991181,0.8125,0.15466380070546734,0.5,0.017240961199294542
19,0.6009134920634923,0.5,0.44509411375661384,20.930833333333336,29.5,-0.036350859788359786,0.5,0.02858906525573192,0.5,0.0013205467372133888
20,0.540716666666667,0.5,0.4278341269841271,22.120833333333334,28.833333333333332,0.008433641975308636,0.8125,0.14896935626102295,0.5,0.05022376543209877
21,0.573792195767196,0.5,0.2955053571428573,21.062499999999996,28.833333333333332,-0.02005787037037036,0.4375,0.05584656084656083,0.5,0.033079805996472665
22,0.5425453042328044,0.5000000000000001,0.38298637566137567,20.627499999999998,29.833333333333332,-0.015105820105820102,0.4375,0.05584656084656083,0.5,0.033079805996472665
23,0.5761534391534391,0.5,0.3120031084656085,23.141666666666666,28.75,-0.03445712081128748,0.8125,0.14896935626102295,0.5,0.05022376543209877
24,0.570692724867725,0.5,0.36729861111111106,22.515833333333337,24.416666666666668,0.0010830026455026457,0.7291666666666666,0.14384589947089946,0.5,0.011685405643738987
25,0.5592081349206348,0.5,0.36059715608465603,20.11416666666667,26.333333333333332,-0.032301587301587296,0.8125,0.14896935626102295,0.5,0.05022376543209877
26,0.5700751322751322,0.5000000000000001,0.36591428571428564,20.050833333333333,23.833333333333332,0.0039743165784832555,0.8125,0.14896935626102295,0.5,0.05022376543209877
27,0.6011115079365079,0.49999999999999983,0.3811992063492064,18.907500000000002,25.333333333333332,0.012567791005291006,0.6875,0.16514329805996472,0.5,0.08858906525573194
28,0.5704792989417989,0.49999999999999994,0.4034759920634921,18.755,26.083333333333332,-0.014179894179894193,0.7708333333333334,0.20444885361552026,0.5,0.029183201058201064
29,0.5611761904761906,0.5,0.4631847222222223,18.279999999999998,25.083333333333332,-0.0013646384479717776,0.8125,0.22557539682539685,0.5,0.048579144620811275
30,0.5844897486772487,0.5000000000000001,0.39510337301587306,18.825,24.5,0.00907352292768959,0.75,0.18141754850088185,0.5,0.04428130511463846
31,0.5644920634920634,0.5,0.4427876984126985,17.514166666666664,20.583333333333332,-0.012596450617283955,0.6666666666666666,0.16349647266313933,0.5,-0.0007319223985890778
32,0.5761074735449736,0.5,0.4180886243386243,17.963333333333335,23,-0.006558641975308649,0.8541666666666666,0.2392283950617284,0.5208333333333334,0.13194995590828923
33,0.5909685846560846,0.5,0.3298843915343915,18.039999999999996,23.75,-0.04054398148148147,0.8333333333333334,0.2002127425044092,0.5833333333333334,0.16361221340388002
34,0.6301041005291006,0.5,0.35990363756613747,19.745000000000005,21.5,0.0306332671957672,0.8333333333333334,0.2002127425044092,0.5833333333333334,0.16361221340388002
35,0.6111041666666666,0.49999999999999994,0.38790667989417993,19.2075,22.5,-0.011265983245149906,0.8333333333333334,0.2002127425044092,0.5833333333333334,0.16361221340388002
36,0.6025544312169314,0.5,0.2821939153439153,16.778333333333336,23.416666666666668,-0.01028935185185186,0.875,0.2304640652557319,0.5625,0.12670745149911816
37,0.6296590608465608,0.49999999999999994,0.4058263888888888,18.5975,22.666666666666668,-0.006948302469135802,0.7708333333333334,0.1869069664902998,0.5833333333333334,0.1827623456790123
38,0.589441865079365,0.49999999999999994,0.3845937169312169,18.653333333333332,23.166666666666668,-0.037824074074074086,0.8333333333333334,0.23970348324514998,0.5833333333333334,0.15489638447971785
39,0.6145339285714287,0.49999999999999994,0.40640806878306884,17.102500000000003,23.083333333333332,-0.020274470899470907,0.75,0.20260030864197534,0.5625,0.13154872134038798
40,0.6024833994708994,0.5,0.35738101851851845,18.34583333333333,23.5,-0.06411706349206348,0.8125,0.18111552028218691,0.6041666666666666,0.14656635802469137
